"Отметка времени","1. Блог и меню недели: как часто планируете публиковать статьи / еженедельные меню? Хотим сделать генерацию картинок и текста (AI) — нужен ли этот инструмент и под какой объём? ","2. Опишите подробно услугу Abonament, как она будет работать, какой Flow?","3. Опишите подробно услугу Întrebare rapidă, как она будет работать, какой Flow?","4. Каталог скачиваний (ghiduri descărcabile): нужна ли страница-каталог скачивания материалов? Если да — что именно там будет (гайды, чек-листы, PDF-меню)?","5. Сколько статей хотим иметь к запуску? Прошу предоставить картинки и текст, если за ранее.","6. Тексты услуг/страниц: утверждены ли финальные тексты страниц услуг (pediatrie, nutriție, integrativă, monitorizare, Întrebare rapidă)?","7. Реальные контакты: финальные телефон, email, адрес (если есть)? Сейчас в футере и контактах — заглушки (+373 79 000 000, contact@oleseajalba.md).","8. Соцсети: реальные ссылки на Instagram / Facebook (и нужны ли другие — TikTok, YouTube, Telegram)? Сейчас стоят заглушки.","9. Видео-консультации (группа A): подтвердить 3 услуги с записью (pediatrie / nutriție / integrativă) — длительности и цены (50/60/90 мин, 600/700/1100 lei)?","10. Платформа видео-звонка: через что проходят консультации (Zoom / Google Meet / другое)? Calendly должен генерировать ссылку автоматически?","11. Услуги без календаря (группа B): monitorizare (3 luni, от 2400 lei) и Întrebare rapidă (48h, 180 lei) — как будет обрабатываться клиент? Через email, WhatsApp?","13. Продвижение/реклама: как будет идти продвижение сайта (SEO, Meta, Google Ads)?","14. Аналитика: как будет вестись аналитика? GA4? Meta Pixel? Что-то ещё (Google Search Console, Tag Manager)?","15. Юрлицо: на кого оформлен бизнес (PFA / SRL / физлицо)? Полное наименование, регистрационные данные, юр. адрес — для страниц /terms и /gdpr.","16. Оператор персональных данных: кто является контролёром данных и контакт для GDPR-запросов (email/ответственное лицо)?","17. Какие то пожелания по проекту, которые небыли учтены."
"2026/06/24 2:39:29 AM GMT+3","Planific publicarea a unui articol pe săptămână pe teme de pediatrie, nutriție pediatrică și nutriție pentru întreaga familie. De asemenea, intenționez să public periodic meniuri orientative săptămânale pentru diferite categorii de vârstă și situații clinice (diversificare, selectivitate alimentară, alimentație fără gluten, fără lactoză etc.).
Instrumentele AI pentru generarea de imagini și texte pot fi utile pentru structurarea și ilustrarea materialelor educaționale, însă conținutul medical va fi întotdeauna verificat și adaptat personal de mine înainte de publicare. Estimez utilizarea moderată a acestui instrument, pentru câteva articole și materiale vizuale lunar.","Abonamentul este destinat părinților care doresc monitorizare și suport continuu pentru copil dar și adulților 
Fluxul propus:
Achitarea abonamentului online.
Completarea unui formular medical și nutrițional inițial.
Evaluarea datelor și stabilirea obiectivelor.
Acces la comunicare directă pentru întrebări scurte legate de evoluția copilului.
Monitorizare periodică a greutății, înălțimii, alimentației și analizelor, după necesitate.
Recomandări personalizate și ajustarea planului de tratament sau alimentație.
Posibilitatea programării prioritare a consultațiilor online.
Tipuri de abonamente:
Abonament Pediatrie
Abonament Nutriție
Abonament Complex Pediatrie + Nutriție

Abonamentele sunt destinate atât copiilor, cât și adulților care au nevoie de monitorizare medicală și/sau nutrițională pe termen lung, suport personalizat și ajustări periodice ale recomandărilor.

Scopul serviciului
Nu reprezintă o consultație unică, dar un proces continuu de însoțire și monitorizare a pacientului pentru atingerea unor obiective de sănătate, creștere, dezvoltare sau compoziție corporală.

Fluxul serviciului:

- Achitarea abonamentului online.
- Completarea unui formular medical și nutrițional detaliat.
- Transmiterea analizelor și documentelor medicale existente.
- Evaluarea inițială și stabilirea obiectivelor individuale.
- Elaborarea unui plan personalizat.
- Monitorizare periodică și comunicare continuă.
- Ajustarea recomandărilor în funcție de evoluție.
- Reconsultări programate conform tipului de abonament.

Ce include abonamentul:

- monitorizarea greutății și înălțimii
- monitorizarea alimentației și a jurnalului alimentar
- interpretarea analizelor medicale
- recomandări nutriționale și medicale personalizate
- ajustarea planului alimentar sau terapeutic
- răspunsuri la întrebări scurte privind evoluția
- prioritate la programarea consultațiilor online

Pentru copii:
Abonamentul este recomandat în special pentru:
- copii cu creștere ponderală insuficientă sau stagnare în greutate
- copii cu hipotrofie, deficit ponderal sau risc de malnutriție
- copii cu exces ponderal, supraponderalitate sau obezitate
- copii cu selectivitate alimentară („mofturi la masă”)
- copii cu refuz alimentar, apetit scăzut sau dificultăți în acceptarea alimentelor noi
- monitorizarea alimentației complementare la sugari
- alergii, intoleranțe alimentare și diete de excludere
- tulburări digestive (constipație, reflux, balonare, dureri abdominale)
- carențe nutriționale (fier, vitamina D, zinc, acid folic etc.)
- monitorizarea copiilor cu boală celiacă, intoleranță la lactoză sau alte afecțiuni digestive
- monitorizarea dezvoltării și creșterii armonioase conform curbelor OMS
- interpretarea periodică a analizelor și ajustarea recomandărilor
Monitorizarea poate dura:
- 1 lună – pentru probleme punctuale;
- 2–3 luni – pentru evaluarea răspunsului la recomandări și ajustarea planului;
- 6 luni sau mai mult – pentru situații care necesită urmărire pe termen lung (hipotrofie, obezitate, selectivitate alimentară severă, boală celiacă, alergii alimentare, tulburări digestive cronice etc.).
- evoluția clinică a dermatitei atopice

Pentru adulți:
- scădere ponderală sănătoasă și sustenabilă
- menținerea greutății după regimul de scădere ponderală
- creșterea masei musculare
- alimentație în afecțiuni digestive sau metabolice
- monitorizarea compoziției corporale;
- prevenirea și corectarea carențelor nutriționale;
- schimbarea obiceiurilor alimentare și a stilului de viață;
- monitorizarea analizelor biologice și a progresului pe termen lung

Tipuri de abonamente:
1.Abonament Pediatrie
2.Abonament Nutriție Copii
3.Abonament Nutriție Adulți
4.Abonament Complex Pediatrie + Nutriție

Durata abonamentelor

- 1 lună
- 2 luni
- 3 luni
- 6 luni

Durata și frecvența monitorizării vor varia în funcție de obiectivele și necesitățile pacientului.","Întrebare Express
Răspuns medical sau nutrițional personalizat în aproximativ 1 oră
Întrebare Express este un serviciu destinat părinților și adulților care au nevoie de un răspuns profesionist și rapid la o întrebare punctuală, fără programarea unei consultații complete.

Este soluția ideală pentru situațiile în care există o nelămurire concretă privind starea de sănătate, alimentația, analizele medicale sau conduita recomandată, iar persoana dorește o orientare rapidă din partea medicului.

Exemple de solicitări:

- interpretarea unei analize medicale
- interpretarea unor investigații sau rezultate de laborator
- recomandări privind alimentația copilului sau adultului
- intrebare din procesul alimentației complementare la sugari
- administrarea vitaminelor, mineralelor sau suplimentelor
- clarificarea unei recomandări medicale primite anterior
- obținerea unei a doua opinii medicale privind un diagnostic sau un plan de tratament
- recomandări într-o situație pediatrică frecventă (febră, mușcătură de insectă, vomă, diaree etc. )
- orientare privind investigațiile sau pașii următori
- evaluarea oportunității unei consultații de specialitate sau a unor investigații suplimentare.

Fluxul serviciului:
- Achitarea serviciului online
- Completarea formularului dedicat
- Descrierea întrebării și încărcarea documentelor relevante (analize, rezultate, fotografii, investigații)
- Analizarea informațiilor transmise
- Transmiterea unui răspuns personalizat în termen de aproximativ 1 oră, în timpul programului de lucru

- Ce include serviciul:
- analiza informațiilor și documentelor furnizate
- răspuns scris personalizat
- recomandări orientative privind conduita ulterioară
- recomandarea unor investigații suplimentare, dacă este necesar
- orientare către consultație medicală completă atunci când situația o impune

Important!
- Serviciul nu înlocuiește consultația medicală completă
- Nu este destinat urgențelor medicale
- Include o singură întrebare principală și răspunsul aferent
- Răspunsul este oferit exclusiv pe baza informațiilor și documentelor transmise.
- În situațiile care necesită evaluare clinică detaliată, monitorizare sau elaborarea unui plan terapeutic personalizat, va fi recomandată programarea unei consultații complete.","Biblioteca Digitală – Ghiduri, Checklist-uri și Materiale Educaționale

Da, doresc să existe o pagină dedicată descărcării materialelor educaționale.

Această secțiune va reprezenta o bibliotecă digitală pentru părinți, adolescenți și adulți, oferind acces la ghiduri practice, checklist-uri, materiale informative și resurse educaționale elaborate în baza experienței mele profesionale de medic pediatru și nutriționist.

Scopul acestei biblioteci este de a oferi informații medicale și nutriționale corecte, actualizate și ușor de înțeles, care să ajute părinții să ia decizii informate privind sănătatea și alimentația copiilor lor, dar și să găsească rapid răspunsuri la cele mai frecvente întrebări din practica pediatrică și nutrițională.

Materiale disponibile la lansare:

Pediatrie
- Ghidul febrei la copil – ce este normal, când trebuie administrat antipireticul și când este necesar consultul medical.
- Ghidul virozelor respiratorii la copil – simptome, evoluție, tratament și semne de alarmă.
- Ghidul tusei la copil – tipuri de tuse, cauze frecvente și conduita recomandată.
- Ghid de buzunar: Amigdalita acută la copil.
- Ghidul bolilor copilăriei (varicelă, rujeolă, rubeolă, scarlatină, boala gură-mână-picior și alte afecțiuni frecvente ale copilăriei).
- Ghidul dermatitelor la copii (dermatită atopică, dermatită seboreică și alte afecțiuni cutanate frecvente).
- Ghidul constipației la copil.
- Ghidul inhalațiilor la copii – când sunt utile, când nu sunt recomandate și cum se - realizează corect.
- Totul despre mușcăturile și înțepăturile de insecte – măsuri de prim ajutor, monitorizare și semne de alarmă.
- Ghid de prim ajutor pentru situațiile pediatrice frecvente.
- Checklist pentru trusa medicală a copilului acasă și în călătorii.

Nutriție pediatrică
- Ghidul alimentației complementare la sugari.
- Checklist pentru introducerea alergenilor alimentari.
- Ghidul intoleranței la lactoză.
- Ghidul alimentației fără gluten.
- Exemple de meniuri și planuri alimentare adaptate diferitelor categorii de vârstă.
- Recomandări practice privind hidratarea copilului.
- Exemple de gustări echilibrate pentru copii.

Adolescenți și familie
- Acneea la adolescenți – cauze, îngrijire și mituri frecvente.
- Totul despre bullying și semnalele pe care părinții nu ar trebui să le ignore.
- Ghiduri privind sănătatea emoțională și dezvoltarea armonioasă a copilului și adolescentului.

Materiale planificate pentru dezvoltarea ulterioară
- Ghidul selectivității alimentare („copilul care nu mănâncă”).
- Ghidul alimentației în boala celiacă.
- Ghidul alimentației în obezitate și supraponderalitate.
- Ghidul alimentației în deficit ponderal și recuperarea nutrițională.
- Ghidul intoleranței la histamină.
- Ghidul sănătății digestive la copil.
- Ghidul suplimentelor alimentare la copii
- Ghidul alergiilor alimentare.
- Ghidul refluxului gastroesofagian la copil
-Ghidul infecțiilor urinare la copil
- Ghidul dezvoltării copilului pe etape de vârstă
- Checklist-uri pentru monitorizarea creșterii și dezvoltării copilului
-Materiale educaționale dedicate adolescenților și adulților

Funcționalități dorite:
- posibilitatea descărcării gratuite sau contra cost, în funcție de tipul materialului
- posibilitatea colectării adresei de email înainte de descărcare
- organizarea materialelor pe categorii ușor de accesat
- motor de căutare în cadrul bibliotecii digitale
- posibilitatea filtrării după vârsta copilului sau tematica de interes
- posibilitatea adăugării ulterioare a materialelor noi fără intervenție tehnică
- posibilitatea evidențierii materialelor recomandate, populare sau nou adăugate
- integrarea cu newsletterul pentru informarea utilizatorilor despre materialele și ghidurile noi.

Categorii propuse:
1.Pediatrie
2.Urgențe și prim ajutor
3. Nutriție copii
4. Nutriție adolescenți și adulți
5. Alimentație complementară
6. Alergii și intoleranțe alimentare
7. Dezvoltarea copilului
8. Sănătate emoțională și parenting
9. Ghiduri practice și checklist-uri","Textele și imaginile vor fi furnizate etapizat, pe măsură ce sunt finalizate. Vă rog să îmi comunicați modalitatea preferată de transmitere (Google Drive, Google Docs, Notion sau altă soluție).","Structura și serviciile principale sunt aprobate.

Servicii disponibile la lansare:

Pediatrie:
- Consultație Pediatrie
- Întrebare EXPRESS
- Monitorizare și Abonamente Pediatrie

Nutriție Copii și Adulți:
- Consultație Nutriție Copii
- Consultație Nutriție Adulți
- Protocol Individualizat Pediatrico-Nutrițional
- Protocol Individualizat de Alimentație Complementară la Sugari
- Meniu Personalizat 7 zile
- Meniu Personalizat 14 zile
- Meniu Personalizat 30 zile
- Monitorizare și Abonamente Nutriționale

Pediatrie + Nutriție:
- Consultație Integrativă Pediatrie + Nutriție

Resurse Educaționale:
- Bibliotecă educațională (ghiduri, checklist-uri și materiale descărcabile)

Textele finale sunt în proces de revizuire și optimizare și vor fi furnizate înainte de publicarea site-ului.","Telefon:
+373 68837774

Email:
oleseajalba@gmail.com

Adresa:
Consultațiile se desfășoară online și în cadrul clinicilor partenere. Adresa exactă va fi comunicată separat, dacă va fi necesară afișarea acesteia pe site.
","Instagram:
 https://instagram.com/dr.olesea_jalba_pediatru?igshid=YmMyMTA2M2Y=

Telegram:
„Părinți liniștiți – copii fericiți”
https://t.me/dr_olesea_jalba_official

Facebook:
https://www.facebook.com/olesea.jalba.2025/

Momentan nu este necesară integrarea TikTok sau YouTube, însă site-ul trebuie să permită adăugarea acestora pe viitor.","Confirm următoarele servicii disponibile online:
Consultații:
- Întrebare EXPRESS – răspuns personalizat în aproximativ 1 oră (în timpul programului de lucru) – 8 EUR
- Consultație Pediatrie – 30 minute – 28 EUR
- Consultație Nutriție Copii – 60 minute – 38 EUR
- Consultație Nutriție Adulți – 60 minute – 38 EUR
- Consultație Integrativă– 90 minute – 58 EUR

Protocoale și planuri personalizate:
- Meniu Personalizat 7 zile – 28 EUR
- Meniu Personalizat 14 zile – 48 EUR
- Meniu Personalizat 30 zile – 88 EUR
- Protocol Individualizat Pediatrico-Nutrițional – evaluare complexă, analiză medicală și nutrițională detaliată, recomandări personalizate și plan individualizat – 98 EUR
- Protocol Individualizat de Alimentație Complementară la Sugari – include consultația inițială de evaluare, analiza istoricului medical și nutrițional, evaluarea dezvoltării și a particularităților copilului, interpretarea documentelor și analizelor disponibile, precum și elaborarea unui plan de diversificare complet personalizat.
Protocolul este adaptat vârstei, dezvoltării neuro-motorii, istoricului medical, particularităților digestive, antecedentelor alergice, tipului de alimentație și obiectivelor individuale ale fiecărei familii.
Include recomandări practice privind:
- introducerea alimentelor și alergenilor alimentari;
- structura meselor și progresia diversificării;
- prevenirea selectivității alimentare;
- hidratarea copilului;
- organizarea meselor în familie;
- siguranța alimentară și prevenirea înecului;
- suplimentele alimentare, atunci când sunt necesare;
- monitorizarea toleranței alimentare și a dezvoltării copilului. – 98 EUR

Prețurile, durata serviciilor și descrierile acestora trebuie să poată fi modificate ulterior din panoul administrativ, fără intervenție tehnică.

De asemenea, sistemul trebuie să permită adăugarea pe viitor a unor servicii noi, cu durate, descrieri și tarife diferite.","Consultațiile online se pot desfășura prin:
- Google Meet
- WhatsApp Video
- Instagram Video Call
- Viber Video Call, în funcție de preferințele și confortul pacientului.

Pentru programările efectuate prin Calendly, ideal ar fi ca linkul Google Meet să fie generat automat și transmis pacientului împreună cu confirmarea rezervării.","Monitorizare și Abonamente:
- achitare online;
- completarea formularului medical și nutrițional;
- transmiterea analizelor și documentelor relevante;
- comunicare prin email și/sau WhatsApp;
- monitorizare periodică și ajustarea recomandărilor conform evoluției pacientului.

Întrebare EXPRESS: nu necesită programare în calendar.

Fluxul propus:
- achitare online
- completarea formularului dedicat
- transmiterea întrebării și a documentelor relevante
- analizarea solicitării
- transmiterea răspunsului personalizat prin email și/sau WhatsApp în aproximativ 1 oră, în timpul programului de lucru.","Strategia de promovare va include:
- optimizare SEO încă din faza de dezvoltare;
- Google Business Profile;
- Meta Ads (Facebook și Instagram);
- Google Ads (în etapa ulterioară);
- marketing prin conținut educațional (articole, ghiduri, checklist-uri);
- newsletter și email marketing;
- integrarea cu rețelele sociale.","Doresc implementarea următoarelor instrumente:
- Google Analytics 4 (GA4);
- Google Search Console;
- Google Tag Manager;
- Meta Pixel.

Este importantă monitorizarea traficului, a conversiilor, a rezervărilor și a descărcărilor de materiale educaționale.","Datele juridice complete (forma de organizare, denumirea oficială, datele de înregistrare și adresa juridică) vor fi furnizate separat pentru paginile Terms & Conditions, Privacy Policy și GDPR.","Operator de date:
Dr. Olesea Jalba

Email pentru solicitări GDPR:
oleseajalba@gmail.com

Persoană responsabilă:
Dr. Olesea Jalba","- Design premium, elegant și profesionist.
- Imagine care să transmită încredere, empatie și expertiză medicală.
- Evidențierea abordării integrate Pediatrie + Nutriție, care reprezintă principalul diferențiator al brandului și unul dintre elementele centrale ale identității profesionale.
- Site optimizat pentru dispozitive mobile.
- Viteză mare de încărcare și experiență intuitivă pentru utilizatori.
- Optimizare SEO încă din faza de dezvoltare.
- Posibilitatea dezvoltării ulterioare a unei platforme educaționale cu cursuri online, webinare și materiale premium.
- Posibilitatea încărcării analizelor și documentelor medicale direct de către utilizatori.
- Posibilitatea implementării ulterioare a versiunilor în limba română, rusă și engleză.
- Panou administrativ intuitiv, care să permită gestionarea facilă a serviciilor, prețurilor, articolelor și materialelor educaționale.
- Integrarea recenziilor și testimonialelor pacienților.
- Integrarea formularelor medicale și nutriționale personalizate.
- Evidențierea expertizei în nutriție pediatrică, alimentație complementară și monitorizarea creșterii și dezvoltării copilului.
- Posibilitatea afișării curbelor de creștere OMS, exemple de evaluări antropometrice și informații educaționale privind dezvoltarea copilului.
- Posibilitatea integrării unei secțiuni dedicate boala celiacă, intoleranțelor alimentare și alergiilor alimentare, acestea reprezentând domenii importante de interes profesional.
- Posibilitatea adăugării ulterioare a unei secțiuni Întrebări frecvente (FAQ).
- Posibilitatea publicării de cazuri clinice educaționale anonimizate, cu acordul necesar și respectarea confidențialității.
- Integrarea unei secțiuni dedicate testimonialelor video și scrise.
- Posibilitatea abonării la newsletter și primirii automate a materialelor educaționale noi.
- Posibilitatea de extindere ulterioară cu abonamente, cursuri și produse digitale
- Daccă e posibil de adăugat:

1. O secțiune „De ce să lucrezi cu mine?”
- Nu doar diplome și experiență.
- Peste 18 ani dedicați domeniului medical, de la activitatea clinică și formarea profesională continuă până la practica actuală de medic pediatru și specialist în nutriție umană.
- Master în Nutriție Umană.
- Abordare integrată Pediatrie + Nutriție.
- Recomandări bazate pe dovezi științifice actuale.
- Planuri individualizate, nu recomandări standard.
- Accent pe prevenție și educația familiei.
- Monitorizare și suport pe termen lung.

2. O secțiune „Cum decurge colaborarea?”
- Programare online.
- Completarea formularului medical.
- Consultația.
- Plan personalizat.
- Monitorizare și suport.

3.O secțiune „Valori profesionale”
Valorile care îmi ghidează activitatea sunt profesionalismul, empatia, individualizarea recomandărilor, comunicarea deschisă și educația medicală bazată pe dovezi științifice.

4. O secțiune „Apariții media”:
- emisiuni TV;
- interviuri
- prezentări;
- participări la conferințe și congrese naționale și internaționale;
 - proiecte educaționale și campanii de informare pentru părinți.

5. O secțiune „Diplome, certificări și formare profesională continuă” (din cw)

6. Posibilitatea filtrării articolelor, ghidurilor și materialelor educaționale în funcție de vârsta copilului:

0–6 luni
6–12 luni
1–3 ani
3–6 ani
6–12 ani (școlar)
adolescent

7. Pe homepage sau în secțiunea „Despre mine”:

1. ""Cred într-o abordare integrată a sănătății copilului, în care pediatria, nutriția și colaborarea cu familia se completează reciproc pentru a susține creșterea, dezvoltarea și starea de bine pe termen lung. Fiecare copil este unic, iar recomandările medicale și nutriționale trebuie adaptate nevoilor și particularităților sale individuale"" (cursiv)

2.  ""Misiunea mea este să ofer familiilor recomandări medicale și nutriționale individualizate, bazate pe dovezi științifice actuale, într-un limbaj clar, practic și ușor de aplicat în viața de zi cu zi "" (cursiv)

3. „Ofer servicii de pediatrie și nutriție clinică pentru copii și adulți, cu accent pe prevenție, creștere și dezvoltare armonioasă, alimentație complementară, sănătate digestivă, intoleranțe și alergii alimentare, boli metabolice și optimizarea stilului de viață.”"